Disease,Occurance,Symptom
hypertensive disease,3363.0,pain chest
hypertensive disease,3363.0,shortness of breath
hypertensive disease,3363.0,dizziness
hypertensive disease,3363.0,asthenia
hypertensive disease,3363.0,fall
hypertensive disease,3363.0,syncope
hypertensive disease,3363.0,vertigo
hypertensive disease,3363.0,sweat
hypertensive disease,3363.0,palpitation
hypertensive disease,3363.0,nausea
hypertensive disease,3363.0,angina pectoris
hypertensive disease,3363.0,pressure chest
diabetes,1421.0,polyuria
diabetes,1421.0,polydypsia
diabetes,1421.0,shortness of breath
diabetes,1421.0,pain chest
diabetes,1421.0,asthenia
diabetes,1421.0,nausea
diabetes,1421.0,orthopnea
diabetes,1421.0,rale
diabetes,1421.0,sweat
diabetes,1421.0,unresponsiveness
diabetes,1421.0,mental status changes
diabetes,1421.0,vertigo
diabetes,1421.0,vomiting
diabetes,1421.0,labored breathing
depression mental,1337.0,feeling suicidal
depression mental,1337.0,suicidal
depression mental,1337.0,hallucinations auditory
depression mental,1337.0,feeling hopeless
depression mental,1337.0,weepiness
depression mental,1337.0,sleeplessness
depression mental,1337.0,motor retardation
depression mental,1337.0,irritable mood
depression mental,1337.0,blackout
depression mental,1337.0,mood depressed
depression mental,1337.0,hallucinations visual
depression mental,1337.0,worry
depression mental,1337.0,agitation
depression mental,1337.0,tremor
depression mental,1337.0,intoxication
depression mental,1337.0,verbal auditory hallucinations
depression mental,1337.0,energy increased
depression mental,1337.0,difficulty
depression mental,1337.0,nightmare
depression mental,1337.0,unable to concentrate
depression mental,1337.0,homelessness
coronary arteriosclerosis,1284.0,pain chest
coronary arteriosclerosis,1284.0,angina pectoris
coronary arteriosclerosis,1284.0,shortness of breath
coronary arteriosclerosis,1284.0,hypokinesia
coronary arteriosclerosis,1284.0,sweat
coronary arteriosclerosis,1284.0,pressure chest
coronary arteriosclerosis,1284.0,dyspnea on exertion
coronary arteriosclerosis,1284.0,orthopnea
coronary arteriosclerosis,1284.0,chest tightness
pneumonia,1029.0,cough
pneumonia,1029.0,fever
pneumonia,1029.0,decreased translucency
pneumonia,1029.0,shortness of breath
pneumonia,1029.0,rale
pneumonia,1029.0,productive cough
pneumonia,1029.0,pleuritic pain
pneumonia,1029.0,yellow sputum
pneumonia,1029.0,breath sounds decreased
pneumonia,1029.0,chill
pneumonia,1029.0,rhonchus
pneumonia,1029.0,green sputum
pneumonia,1029.0,non-productive cough
pneumonia,1029.0,wheezing
pneumonia,1029.0,haemoptysis
pneumonia,1029.0,distress respiratory
pneumonia,1029.0,tachypnea
pneumonia,1029.0,malaise
pneumonia,1029.0,night sweat
failure heart congestive,963.0,shortness of breath
failure heart congestive,963.0,orthopnea
failure heart congestive,963.0,jugular venous distention
failure heart congestive,963.0,rale
failure heart congestive,963.0,dyspnea
failure heart congestive,963.0,cough
failure heart congestive,963.0,wheezing
accident cerebrovascular,885.0,dysarthria
accident cerebrovascular,885.0,asthenia
accident cerebrovascular,885.0,speech slurred
accident cerebrovascular,885.0,facial paresis
accident cerebrovascular,885.0,hemiplegia
accident cerebrovascular,885.0,unresponsiveness
accident cerebrovascular,885.0,seizure
accident cerebrovascular,885.0,numbness
asthma,835.0,wheezing
asthma,835.0,cough
asthma,835.0,shortness of breath
asthma,835.0,chest tightness
asthma,835.0,non-productive cough
asthma,835.0,pleuritic pain
asthma,835.0,productive cough
asthma,835.0,symptom aggravating factors
asthma,835.0,distress respiratory
myocardial infarction,759.0,pain chest
myocardial infarction,759.0,st segment elevation
myocardial infarction,759.0,sweat
myocardial infarction,759.0,shortness of breath
myocardial infarction,759.0,st segment depression
myocardial infarction,759.0,hypokinesia
myocardial infarction,759.0,angina pectoris
myocardial infarction,759.0,pressure chest
myocardial infarction,759.0,t wave inverted
myocardial infarction,759.0,orthopnea
myocardial infarction,759.0,rale
myocardial infarction,759.0,chest tightness
myocardial infarction,759.0,presence of q wave
myocardial infarction,759.0,palpitation
myocardial infarction,759.0,dyspnea
myocardial infarction,759.0,chest discomfort
myocardial infarction,759.0,bradycardia
myocardial infarction,759.0,syncope
hypercholesterolemia,685.0,pain
hypercholesterolemia,685.0,pain chest
hypercholesterolemia,685.0,sweat
hypercholesterolemia,685.0,nonsmoker
hypercholesterolemia,685.0,pressure chest
hypercholesterolemia,685.0,syncope
hypercholesterolemia,685.0,numbness
hypercholesterolemia,685.0,chest discomfort
hypercholesterolemia,685.0,shortness of breath
hypercholesterolemia,685.0,st segment depression
hypercholesterolemia,685.0,worry
hypercholesterolemia,685.0,t wave inverted
hypercholesterolemia,685.0,bradycardia
hypercholesterolemia,685.0,dyspnea
infection,630.0,fever
infection,630.0,erythema
infection,630.0,decreased translucency
infection,630.0,hepatosplenomegaly
infection,630.0,chill
infection,630.0,pruritus
infection,630.0,diarrhea
infection,630.0,abscess bacterial
infection,630.0,swelling
infection,630.0,pain
infection,630.0,apyrexial
infection,630.0,cough
infection urinary tract,597.0,fever
infection urinary tract,597.0,dysuria
infection urinary tract,597.0,hematuria
infection urinary tract,597.0,renal angle tenderness
infection urinary tract,597.0,lethargy
infection urinary tract,597.0,asthenia
infection urinary tract,597.0,hyponatremia
infection urinary tract,597.0,hemodynamically stable
infection urinary tract,597.0,distress respiratory
infection urinary tract,597.0,difficulty passing urine
infection urinary tract,597.0,mental status changes
infection urinary tract,597.0,consciousness clear
anemia,544.0,chill
anemia,544.0,guaiac positive
anemia,544.0,monoclonal
anemia,544.0,ecchymosis
anemia,544.0,tumor cell invasion
anemia,544.0,haemorrhage
anemia,544.0,pallor
anemia,544.0,asthenia
anemia,544.0,fatigue
anemia,544.0,heme positive
anemia,544.0,pain back
anemia,544.0,orthostasis
anemia,544.0,hyponatremia
anemia,544.0,dizziness
anemia,544.0,shortness of breath
anemia,544.0,pain
anemia,544.0,rhonchus
anemia,544.0,arthralgia
anemia,544.0,swelling
anemia,544.0,transaminitis
chronic obstructive airway disease,524.0,shortness of breath
chronic obstructive airway disease,524.0,wheezing
chronic obstructive airway disease,524.0,cough
chronic obstructive airway disease,524.0,dyspnea
chronic obstructive airway disease,524.0,distress respiratory
chronic obstructive airway disease,524.0,sputum purulent
chronic obstructive airway disease,524.0,hypoxemia
chronic obstructive airway disease,524.0,hypercapnia
chronic obstructive airway disease,524.0,patient non compliance
chronic obstructive airway disease,524.0,chest tightness
dementia,504.0,fever
dementia,504.0,fall
dementia,504.0,unresponsiveness
dementia,504.0,lethargy
dementia,504.0,agitation
dementia,504.0,ecchymosis
dementia,504.0,syncope
dementia,504.0,rale
dementia,504.0,unconscious state
dementia,504.0,cough
dementia,504.0,bedridden
dementia,504.0,pain
dementia,504.0,facial paresis
dementia,504.0,abdominal tenderness
dementia,504.0,rhonchus
dementia,504.0,unsteady gait
dementia,504.0,hallucinations auditory
insufficiency renal,445.0,shortness of breath
insufficiency renal,445.0,hyperkalemia
insufficiency renal,445.0,orthopnea
insufficiency renal,445.0,rale
insufficiency renal,445.0,urgency of micturition
insufficiency renal,445.0,ascites
insufficiency renal,445.0,guaiac positive
insufficiency renal,445.0,asthenia
insufficiency renal,445.0,apyrexial
insufficiency renal,445.0,mental status changes
insufficiency renal,445.0,dyspnea
insufficiency renal,445.0,difficulty
insufficiency renal,445.0,diarrhea
insufficiency renal,445.0,hypotension
insufficiency renal,445.0,breath sounds decreased
insufficiency renal,445.0,swelling
insufficiency renal,445.0,hypokinesia
confusion,408.0,seizure
confusion,408.0,enuresis
confusion,408.0,lethargy
confusion,408.0,speech slurred
confusion,408.0,fall
confusion,408.0,consciousness clear
confusion,408.0,mental status changes
confusion,408.0,asterixis
confusion,408.0,unconscious state
confusion,408.0,agitation
confusion,408.0,muscle twitch
confusion,408.0,asthenia
confusion,408.0,sleepy
confusion,408.0,dizziness
confusion,408.0,headache
confusion,408.0,dysarthria
confusion,408.0,lightheadedness
confusion,408.0,tremor
confusion,408.0,hyponatremia
confusion,408.0,unresponsiveness
degenerative polyarthritis,405.0,pain
degenerative polyarthritis,405.0,food intolerance
degenerative polyarthritis,405.0,numbness of hand
degenerative polyarthritis,405.0,general discomfort
degenerative polyarthritis,405.0,drowsiness
degenerative polyarthritis,405.0,asthenia
degenerative polyarthritis,405.0,nonsmoker
degenerative polyarthritis,405.0,non-productive cough
degenerative polyarthritis,405.0,polydypsia
degenerative polyarthritis,405.0,stiffness
degenerative polyarthritis,405.0,unsteady gait
hypothyroidism,398.0,shortness of breath
hypothyroidism,398.0,prostatism
hypothyroidism,398.0,drowsiness
hypothyroidism,398.0,hyponatremia
hypothyroidism,398.0,fall
hypothyroidism,398.0,unsteady gait
hypothyroidism,398.0,polyuria
hypothyroidism,398.0,hypotension
hypothyroidism,398.0,difficulty
hypothyroidism,398.0,syncope
hypothyroidism,398.0,nightmare
hypothyroidism,398.0,speech slurred
hypothyroidism,398.0,weight gain
hypothyroidism,398.0,asthenia
hypothyroidism,398.0,fatigue
hypothyroidism,398.0,agitation
hypothyroidism,398.0,mental status changes
hypothyroidism,398.0,motor retardation
hypothyroidism,398.0,vomiting
hypothyroidism,398.0,numbness
hypothyroidism,398.0,mass of body structure
anxiety state,390.0,worry
anxiety state,390.0,feeling suicidal
anxiety state,390.0,suicidal
anxiety state,390.0,sleeplessness
anxiety state,390.0,feeling hopeless
anxiety state,390.0,irritable mood
anxiety state,390.0,tremor
anxiety state,390.0,blackout
anxiety state,390.0,weepiness
anxiety state,390.0,has religious belief
anxiety state,390.0,nervousness
anxiety state,390.0,hallucinations visual
anxiety state,390.0,formication
anxiety state,390.0,difficulty
anxiety state,390.0,pain chest
anxiety state,390.0,patient non compliance
anxiety state,390.0,agitation
anxiety state,390.0,palpitation
anxiety state,390.0,hallucinations auditory
anxiety state,390.0,mood depressed
anxiety state,390.0,hot flush
anxiety state,390.0,pain
anxiety state,390.0,consciousness clear
anxiety state,390.0,nightmare
malignant neoplasms,354.0,pain
malignant neoplasms,354.0,mass of body structure
malignant neoplasms,354.0,lesion
malignant neoplasms,354.0,cushingoid facies
malignant neoplasms,354.0,emphysematous change
malignant neoplasms,354.0,decreased body weight
malignant neoplasms,354.0,ascites
malignant neoplasms,354.0,hoarseness
malignant neoplasms,354.0,thicken
malignant neoplasms,354.0,hematuria
acquired immuno-deficiency syndrome,350.0,fever
acquired immuno-deficiency syndrome,350.0,night sweat
acquired immuno-deficiency syndrome,350.0,spontaneous rupture of membranes
acquired immuno-deficiency syndrome,350.0,cough
acquired immuno-deficiency syndrome,350.0,
acquired immuno-deficiency syndrome,350.0,decreased body weight
acquired immuno-deficiency syndrome,350.0,chill
acquired immuno-deficiency syndrome,350.0,diarrhea
acquired immuno-deficiency syndrome,350.0,pleuritic pain
acquired immuno-deficiency syndrome,350.0,patient non compliance
acquired immuno-deficiency syndrome,350.0,tachypnea
acquired immuno-deficiency syndrome,350.0,productive cough
acquired immuno-deficiency syndrome,350.0,muscle hypotonia
acquired immuno-deficiency syndrome,350.0,feeling suicidal
cellulitis,341.0,erythema
cellulitis,341.0,pain
cellulitis,341.0,swelling
cellulitis,341.0,redness
cellulitis,341.0,fever
cellulitis,341.0,abscess bacterial
cellulitis,341.0,patient non compliance
cellulitis,341.0,hypesthesia
cellulitis,341.0,hyperacusis
cellulitis,341.0,pruritus
cellulitis,341.0,pain chest
cellulitis,341.0,scratch marks
cellulitis,341.0,chill
cellulitis,341.0,sore to touch
gastroesophageal reflux disease,325.0,pain
gastroesophageal reflux disease,325.0,pain chest
gastroesophageal reflux disease,325.0,burning sensation
gastroesophageal reflux disease,325.0,hyponatremia
gastroesophageal reflux disease,325.0,satiety early
gastroesophageal reflux disease,325.0,throbbing sensation quality
gastroesophageal reflux disease,325.0,chest tightness
gastroesophageal reflux disease,325.0,sensory discomfort
gastroesophageal reflux disease,325.0,presence of q wave
gastroesophageal reflux disease,325.0,nausea
gastroesophageal reflux disease,325.0,general discomfort
gastroesophageal reflux disease,325.0,constipation
gastroesophageal reflux disease,325.0,palpitation
gastroesophageal reflux disease,325.0,pain abdominal
gastroesophageal reflux disease,325.0,heartburn
gastroesophageal reflux disease,325.0,sweat
gastroesophageal reflux disease,325.0,asthenia
septicemia,311.0,fever
septicemia,311.0,distress respiratory
septicemia,311.0,hypotension
septicemia,311.0,tachypnea
septicemia,311.0,chill
septicemia,311.0,lethargy
septicemia,311.0,bradycardia
septicemia,311.0,breech presentation
septicemia,311.0,cyanosis
septicemia,311.0,spontaneous rupture of membranes
septicemia,311.0,haemorrhage
septicemia,311.0,unresponsiveness
septicemia,311.0,rale
septicemia,311.0,apyrexial
deep vein thrombosis,310.0,swelling
deep vein thrombosis,310.0,pain
deep vein thrombosis,310.0,ecchymosis
deep vein thrombosis,310.0,shortness of breath
deep vein thrombosis,310.0,pain in lower limb
deep vein thrombosis,310.0,cardiomegaly
deep vein thrombosis,310.0,rale
deep vein thrombosis,310.0,erythema
deep vein thrombosis,310.0,hypotension
deep vein thrombosis,310.0,clonus
deep vein thrombosis,310.0,non-productive cough
deep vein thrombosis,310.0,redness
dehydration,297.0,fever
dehydration,297.0,diarrhea
dehydration,297.0,vomiting
dehydration,297.0,hypotension
dehydration,297.0,nausea
dehydration,297.0,lightheadedness
dehydration,297.0,unwell
dehydration,297.0,mental status changes
dehydration,297.0,anorexia
dehydration,297.0,asthenia
dehydration,297.0,sensory discomfort
dehydration,297.0,syncope
dehydration,297.0,lethargy
dehydration,297.0,dizziness
dehydration,297.0,syncope
neoplasm,297.0,mass of body structure
neoplasm,297.0,lesion
neoplasm,297.0,pain chest
neoplasm,297.0,hematuria
neoplasm,297.0,tumor cell invasion
neoplasm,297.0,pain
neoplasm,297.0,anosmia
neoplasm,297.0,thicken
neoplasm,297.0,metastatic lesion
neoplasm,297.0,food intolerance
neoplasm,297.0,decreased body weight
neoplasm,297.0,night sweat
neoplasm,297.0,hemianopsia homonymous
neoplasm,297.0,satiety early
neoplasm,297.0,pain abdominal
neoplasm,297.0,headache
embolism pulmonary,294.0,shortness of breath
embolism pulmonary,294.0,hypoxemia
embolism pulmonary,294.0,tachypnea
embolism pulmonary,294.0,hematocrit decreased
embolism pulmonary,294.0,pain chest
embolism pulmonary,294.0,dyspnea
embolism pulmonary,294.0,pleuritic pain
embolism pulmonary,294.0,neck stiffness
embolism pulmonary,294.0,yellow sputum
embolism pulmonary,294.0,productive cough
embolism pulmonary,294.0,cicatrisation
embolism pulmonary,294.0,unresponsiveness
embolism pulmonary,294.0,distress respiratory
embolism pulmonary,294.0,wheezing
embolism pulmonary,294.0,apyrexial
embolism pulmonary,294.0,non-productive cough
epilepsy,290.0,seizure
epilepsy,290.0,hypometabolism
epilepsy,290.0,aura
epilepsy,290.0,muscle twitch
epilepsy,290.0,drowsiness
epilepsy,290.0,tremor
epilepsy,290.0,unresponsiveness
epilepsy,290.0,hemiplegia
epilepsy,290.0,myoclonus
epilepsy,290.0,gurgle
epilepsy,290.0,sleepy
epilepsy,290.0,lethargy
epilepsy,290.0,wheelchair bound
cardiomyopathy,283.0,shortness of breath
cardiomyopathy,283.0,orthopnea
cardiomyopathy,283.0,hypokinesia
cardiomyopathy,283.0,jugular venous distention
cardiomyopathy,283.0,palpitation
cardiomyopathy,283.0,pain chest
cardiomyopathy,283.0,syncope
cardiomyopathy,283.0,yellow sputum
cardiomyopathy,283.0,rale
cardiomyopathy,283.0,dyspnea
cardiomyopathy,283.0,dyspnea on exertion
cardiomyopathy,283.0,left atrial hypertrophy
cardiomyopathy,283.0,fatigue
cardiomyopathy,283.0,weight gain
cardiomyopathy,283.0,patient non compliance
chronic kidney failure,280.0,vomiting
chronic kidney failure,280.0,orthopnea
chronic kidney failure,280.0,hyperkalemia
chronic kidney failure,280.0,oliguria
chronic kidney failure,280.0,jugular venous distention
chronic kidney failure,280.0,nausea
chronic kidney failure,280.0,shortness of breath
chronic kidney failure,280.0,mental status changes
chronic kidney failure,280.0,diarrhea
chronic kidney failure,280.0,asthenia
chronic kidney failure,280.0,chest tightness
chronic kidney failure,280.0,malaise
chronic kidney failure,280.0,chill
chronic kidney failure,280.0,rale
chronic kidney failure,280.0,fever
chronic kidney failure,280.0,pleuritic pain
chronic kidney failure,280.0,apyrexial
chronic kidney failure,280.0,guaiac positive
chronic kidney failure,280.0,swelling
chronic kidney failure,280.0,catatonia
chronic kidney failure,280.0,unresponsiveness
chronic kidney failure,280.0,yellow sputum
carcinoma,269.0,mass of body structure
carcinoma,269.0,pain
carcinoma,269.0,lesion
carcinoma,269.0,tumor cell invasion
carcinoma,269.0,thicken
carcinoma,269.0,decreased body weight
carcinoma,269.0,hoarseness
carcinoma,269.0,general discomfort
carcinoma,269.0,metastatic lesion
carcinoma,269.0,non-productive cough
carcinoma,269.0,constipation
carcinoma,269.0,unhappy
carcinoma,269.0,paresthesia
carcinoma,269.0,gravida 0
carcinoma,269.0,diarrhea
carcinoma,269.0,sore to touch
carcinoma,269.0,heartburn
carcinoma,269.0,nausea
carcinoma,269.0,lung nodule
hepatitis C,269.0,ascites
hepatitis C,269.0,distended abdomen
hepatitis C,269.0,feeling suicidal
hepatitis C,269.0,cough
hepatitis C,269.0,ache
hepatitis C,269.0,macerated skin
hepatitis C,269.0,heavy feeling
hepatitis C,269.0,hallucinations auditory
hepatitis C,269.0,chill
hepatitis C,269.0,asterixis
hepatitis C,269.0,patient non compliance
peripheral vascular disease,268.0,shortness of breath
peripheral vascular disease,268.0,rest pain
peripheral vascular disease,268.0,angina pectoris
peripheral vascular disease,268.0,unresponsiveness
peripheral vascular disease,268.0,hyperkalemia
peripheral vascular disease,268.0,sinus rhythm
peripheral vascular disease,268.0,labored breathing
peripheral vascular disease,268.0,dyspnea
peripheral vascular disease,268.0,sore to touch
peripheral vascular disease,268.0,anorexia
peripheral vascular disease,268.0,sleepy
psychotic disorder,267.0,suicidal
psychotic disorder,267.0,hallucinations auditory
psychotic disorder,267.0,feeling suicidal
psychotic disorder,267.0,hallucinations visual
psychotic disorder,267.0,motor retardation
psychotic disorder,267.0,blackout
psychotic disorder,267.0,verbal auditory hallucinations
psychotic disorder,267.0,feeling hopeless
psychotic disorder,267.0,irritable mood
psychotic disorder,267.0,agitation
psychotic disorder,267.0,tremor
psychotic disorder,267.0,catatonia
psychotic disorder,267.0,weepiness
psychotic disorder,267.0,homelessness
psychotic disorder,267.0,sleeplessness
psychotic disorder,267.0,withdraw
psychotic disorder,267.0,energy increased
psychotic disorder,267.0,intoxication
psychotic disorder,267.0,worry
psychotic disorder,267.0,behavior hyperactive
psychotic disorder,267.0,patient non compliance
psychotic disorder,267.0,mood depressed
psychotic disorder,267.0,terrify
psychotic disorder,267.0,nightmare
psychotic disorder,267.0,consciousness clear
hyperlipidemia,247.0,pain chest
hyperlipidemia,247.0,angina pectoris
hyperlipidemia,247.0,palpitation
hyperlipidemia,247.0,presence of q wave
hyperlipidemia,247.0,photopsia
hyperlipidemia,247.0,sweat
hyperlipidemia,247.0,chest discomfort
hyperlipidemia,247.0,shortness of breath
hyperlipidemia,247.0,giddy mood
hyperlipidemia,247.0,hypokinesia
hyperlipidemia,247.0,hemiplegia
hyperlipidemia,247.0,dizziness
bipolar disorder,241.0,feeling suicidal
bipolar disorder,241.0,energy increased
bipolar disorder,241.0,suicidal
bipolar disorder,241.0,irritable mood
bipolar disorder,241.0,agitation
bipolar disorder,241.0,has religious belief
bipolar disorder,241.0,disturbed family
bipolar disorder,241.0,hallucinations auditory
bipolar disorder,241.0,verbal auditory hallucinations
bipolar disorder,241.0,weepiness
bipolar disorder,241.0,behavior hyperactive
bipolar disorder,241.0,catatonia
bipolar disorder,241.0,feeling hopeless
bipolar disorder,241.0,worry
bipolar disorder,241.0,sleeplessness
bipolar disorder,241.0,hypersomnia
bipolar disorder,241.0,difficulty
bipolar disorder,241.0,hallucinations visual
bipolar disorder,241.0,hyperhidrosis disorder
bipolar disorder,241.0,mydriasis
bipolar disorder,241.0,extrapyramidal sign
bipolar disorder,241.0,loose associations
bipolar disorder,241.0,intoxication
bipolar disorder,241.0,motor retardation
bipolar disorder,241.0,homelessness
bipolar disorder,241.0,blackout
bipolar disorder,241.0,tremor
bipolar disorder,241.0,exhaustion
obesity,228.0,pain
obesity,228.0,catatonia
obesity,228.0,snore
obesity,228.0,pain chest
obesity,228.0,r wave feature
obesity,228.0,has religious belief
obesity,228.0,shortness of breath
obesity,228.0,fatigue
obesity,228.0,overweight
obesity,228.0,systolic murmur
obesity,228.0,mood depressed
obesity,228.0,ecchymosis
ischemia,226.0,drowsiness
ischemia,226.0,pain chest
ischemia,226.0,angina pectoris
ischemia,226.0,pressure chest
ischemia,226.0,chest discomfort
ischemia,226.0,shortness of breath
ischemia,226.0,dyspnea
ischemia,226.0,sinus rhythm
ischemia,226.0,bradycardia
ischemia,226.0,sweat
ischemia,226.0,rale
ischemia,226.0,asymptomatic
ischemia,226.0,anorexia
cirrhosis,218.0,ascites
cirrhosis,218.0,fall
cirrhosis,218.0,splenomegaly
cirrhosis,218.0,pruritus
cirrhosis,218.0,pain abdominal
cirrhosis,218.0,tumor cell invasion
cirrhosis,218.0,distended abdomen
cirrhosis,218.0,lesion
cirrhosis,218.0,hemodynamically stable
cirrhosis,218.0,guaiac positive
cirrhosis,218.0,sore to touch
cirrhosis,218.0,bleeding of vagina
exanthema,208.0,fever
exanthema,208.0,pruritus
exanthema,208.0,macule
exanthema,208.0,lesion
exanthema,208.0,redness
exanthema,208.0,headache
exanthema,208.0,apyrexial
exanthema,208.0,arthralgia
exanthema,208.0,swelling
exanthema,208.0,erythema
exanthema,208.0,photophobia
exanthema,208.0,chill
exanthema,208.0,scratch marks
exanthema,208.0,pain
exanthema,208.0,painful swallowing
benign prostatic hypertrophy,192.0,mental status changes
benign prostatic hypertrophy,192.0,cachexia
benign prostatic hypertrophy,192.0,blackout
benign prostatic hypertrophy,192.0,orthostasis
benign prostatic hypertrophy,192.0,orthopnea
benign prostatic hypertrophy,192.0,night sweat
benign prostatic hypertrophy,192.0,distress respiratory
benign prostatic hypertrophy,192.0,anorexia
benign prostatic hypertrophy,192.0,dysarthria
kidney failure acute,186.0,hyperkalemia
kidney failure acute,186.0,hypotension
kidney failure acute,186.0,hypocalcemia result
kidney failure acute,186.0,oliguria
kidney failure acute,186.0,hemodynamically stable
kidney failure acute,186.0,asthenia
kidney failure acute,186.0,"hypothermia, natural"
kidney failure acute,186.0,diarrhea
kidney failure acute,186.0,haemorrhage
kidney failure acute,186.0,unresponsiveness
mitral valve insufficiency,186.0,shortness of breath
mitral valve insufficiency,186.0,dyspnea on exertion
mitral valve insufficiency,186.0,asymptomatic
mitral valve insufficiency,186.0,hypokinesia
mitral valve insufficiency,186.0,dyspnea
mitral valve insufficiency,186.0,syncope
mitral valve insufficiency,186.0,thicken
mitral valve insufficiency,186.0,left atrial hypertrophy
mitral valve insufficiency,186.0,palpitation
mitral valve insufficiency,186.0,fatigue
mitral valve insufficiency,186.0,vomiting
mitral valve insufficiency,186.0,pain
mitral valve insufficiency,186.0,cardiomegaly
mitral valve insufficiency,186.0,chest discomfort
arthritis,179.0,pain
arthritis,179.0,hemodynamically stable
arthritis,179.0,sleeplessness
arthritis,179.0,asthenia
arthritis,179.0,syncope
arthritis,179.0,swelling
arthritis,179.0,atypia
arthritis,179.0,general unsteadiness
arthritis,179.0,shortness of breath
arthritis,179.0,distended abdomen
bronchitis,172.0,cough
bronchitis,172.0,wheezing
bronchitis,172.0,shortness of breath
bronchitis,172.0,chest tightness
bronchitis,172.0,fever
bronchitis,172.0,throat sore
bronchitis,172.0,productive cough
bronchitis,172.0,hepatosplenomegaly
bronchitis,172.0,night sweat
bronchitis,172.0,haemoptysis
bronchitis,172.0,labored breathing
bronchitis,172.0,snuffle
bronchitis,172.0,hacking cough
bronchitis,172.0,dyspnea
bronchitis,172.0,chill
bronchitis,172.0,stridor
bronchitis,172.0,decreased body weight
hemiparesis,171.0,dysarthria
hemiparesis,171.0,paresis
hemiparesis,171.0,asthenia
hemiparesis,171.0,aphagia
hemiparesis,171.0,seizure
hemiparesis,171.0,speech slurred
hemiparesis,171.0,focal seizures
hemiparesis,171.0,hemiplegia
hemiparesis,171.0,abnormal sensation
hemiparesis,171.0,unresponsiveness
hemiparesis,171.0,stupor
hemiparesis,171.0,drowsiness
hemiparesis,171.0,fremitus
hemiparesis,171.0,Stahli's line
hemiparesis,171.0,stinging sensation
hemiparesis,171.0,paralyse
hemiparesis,171.0,clonus
hemiparesis,171.0,facial paresis
osteoporosis,169.0,prostatism
osteoporosis,169.0,fall
osteoporosis,169.0,hirsutism
osteoporosis,169.0,sniffle
osteoporosis,169.0,distended abdomen
osteoporosis,169.0,vertigo
osteoporosis,169.0,numbness of hand
osteoporosis,169.0,bradykinesia
osteoporosis,169.0,pain
osteoporosis,169.0,syncope
osteoporosis,169.0,out of breath
osteoporosis,169.0,apyrexial
osteoporosis,169.0,urge incontinence
osteoporosis,169.0,lightheadedness
transient ischemic attack,168.0,speech slurred
transient ischemic attack,168.0,dysarthria
transient ischemic attack,168.0,facial paresis
transient ischemic attack,168.0,asthenia
transient ischemic attack,168.0,neck stiffness
transient ischemic attack,168.0,vertigo
transient ischemic attack,168.0,numbness
transient ischemic attack,168.0,lightheadedness
transient ischemic attack,168.0,extrapyramidal sign
transient ischemic attack,168.0,Stahli's line
transient ischemic attack,168.0,vision blurred
transient ischemic attack,168.0,headache
transient ischemic attack,168.0,room spinning
transient ischemic attack,168.0,syncope
transient ischemic attack,168.0,difficulty
transient ischemic attack,168.0,rambling speech
transient ischemic attack,168.0,clumsiness
adenocarcinoma,166.0,mass of body structure
adenocarcinoma,166.0,lesion
adenocarcinoma,166.0,decreased body weight
adenocarcinoma,166.0,constipation
adenocarcinoma,166.0,fremitus
adenocarcinoma,166.0,decreased stool caliber
adenocarcinoma,166.0,satiety early
adenocarcinoma,166.0,hematochezia
adenocarcinoma,166.0,egophony
adenocarcinoma,166.0,pain
adenocarcinoma,166.0,cicatrisation
adenocarcinoma,166.0,pain abdominal
paranoia,165.0,hallucinations auditory
paranoia,165.0,hallucinations visual
paranoia,165.0,agitation
paranoia,165.0,irritable mood
paranoia,165.0,verbal auditory hallucinations
paranoia,165.0,feeling suicidal
paranoia,165.0,suicidal
paranoia,165.0,terrify
paranoia,165.0,neologism
paranoia,165.0,homelessness
paranoia,165.0,energy increased
paranoia,165.0,mood depressed
paranoia,165.0,decompensation
paranoia,165.0,cicatrisation
paranoia,165.0,blackout
paranoia,165.0,loose associations
pancreatitis,165.0,vomiting
pancreatitis,165.0,pain abdominal
pancreatitis,165.0,nausea
pancreatitis,165.0,pain
pancreatitis,165.0,diarrhea
pancreatitis,165.0,stool color yellow
pancreatitis,165.0,rigor - temperature-associated observation
pancreatitis,165.0,apyrexial
pancreatitis,165.0,sore to touch
incontinence,165.0,paraparesis
incontinence,165.0,seizure
incontinence,165.0,asthenia
incontinence,165.0,urge incontinence
incontinence,165.0,unconscious state
incontinence,165.0,aura
incontinence,165.0,moody
incontinence,165.0,fear of falling
incontinence,165.0,tremor
incontinence,165.0,spasm
incontinence,165.0,unhappy
incontinence,165.0,syncope
incontinence,165.0,fall
incontinence,165.0,stiffness
incontinence,165.0,unresponsiveness
paroxysmal dyspnea,165.0,orthopnea
paroxysmal dyspnea,165.0,shortness of breath
paroxysmal dyspnea,165.0,dyspnea on exertion
paroxysmal dyspnea,165.0,jugular venous distention
paroxysmal dyspnea,165.0,rale
paroxysmal dyspnea,165.0,pain chest
paroxysmal dyspnea,165.0,palpitation
paroxysmal dyspnea,165.0,sweat
paroxysmal dyspnea,165.0,weight gain
paroxysmal dyspnea,165.0,cough
paroxysmal dyspnea,165.0,dyspnea
hernia,164.0,pain abdominal
hernia,164.0,pain
hernia,164.0,hyperventilation
hernia,164.0,excruciating pain
hernia,164.0,gag
hernia,164.0,nausea
hernia,164.0,posturing
hernia,164.0,hemiplegia
hernia,164.0,sore to touch
hernia,164.0,haemorrhage
hernia,164.0,apyrexial
hernia,164.0,food intolerance
hernia,164.0,pulse absent
hernia,164.0,asthenia
hernia,164.0,mass of body structure
hernia,164.0,thicken
malignant neoplasm of prostate,163.0,hematuria
malignant neoplasm of prostate,163.0,dysesthesia
malignant neoplasm of prostate,163.0,asthenia
malignant neoplasm of prostate,163.0,polymyalgia
malignant neoplasm of prostate,163.0,passed stones
malignant neoplasm of prostate,163.0,pleuritic pain
malignant neoplasm of prostate,163.0,guaiac positive
malignant neoplasm of prostate,163.0,rale
malignant neoplasm of prostate,163.0,breath sounds decreased
malignant neoplasm of prostate,163.0,urge incontinence
malignant neoplasm of prostate,163.0,dysuria
malignant neoplasm of prostate,163.0,diarrhea
malignant neoplasm of prostate,163.0,vertigo
malignant neoplasm of prostate,163.0,qt interval prolonged
malignant neoplasm of prostate,163.0,ataxia
malignant neoplasm of prostate,163.0,paresis
malignant neoplasm of prostate,163.0,hemianopsia homonymous
malignant neoplasm of prostate,163.0,tumor cell invasion
malignant neoplasm of prostate,163.0,hemodynamically stable
malignant neoplasm of prostate,163.0,mass of body structure
malignant neoplasm of prostate,163.0,rhonchus
malignant neoplasm of prostate,163.0,orthostasis
malignant neoplasm of prostate,163.0,decreased body weight
edema pulmonary,161.0,urgency of micturition
edema pulmonary,161.0,shortness of breath
edema pulmonary,161.0,rale
edema pulmonary,161.0,tachypnea
edema pulmonary,161.0,orthopnea
edema pulmonary,161.0,Heberden's node
edema pulmonary,161.0,jugular venous distention
edema pulmonary,161.0,dyspnea
edema pulmonary,161.0,sweat
edema pulmonary,161.0,patient non compliance
edema pulmonary,161.0,chest discomfort
edema pulmonary,161.0,hyperkalemia
edema pulmonary,161.0,sinus rhythm
edema pulmonary,161.0,pain chest
edema pulmonary,161.0,hypotension
edema pulmonary,161.0,wheezing
lymphatic diseases,160.0,pain
lymphatic diseases,160.0,mass of body structure
lymphatic diseases,160.0,night sweat
lymphatic diseases,160.0,splenomegaly
lymphatic diseases,160.0,lesion
lymphatic diseases,160.0,chill
lymphatic diseases,160.0,decreased body weight
lymphatic diseases,160.0,swelling
lymphatic diseases,160.0,fever
lymphatic diseases,160.0,hyperacusis
lymphatic diseases,160.0,fremitus
lymphatic diseases,160.0,non-productive cough
lymphatic diseases,160.0,egophony
lymphatic diseases,160.0,redness
lymphatic diseases,160.0,hepatomegaly
lymphatic diseases,160.0,fatigue
stenosis aortic valve,158.0,dyspnea on exertion
stenosis aortic valve,158.0,syncope
stenosis aortic valve,158.0,chest discomfort
stenosis aortic valve,158.0,systolic murmur
stenosis aortic valve,158.0,sciatica
stenosis aortic valve,158.0,angina pectoris
stenosis aortic valve,158.0,pain chest
stenosis aortic valve,158.0,frothy sputum
stenosis aortic valve,158.0,bradycardia
stenosis aortic valve,158.0,shortness of breath
stenosis aortic valve,158.0,pain
malignant neoplasm of breast,152.0,mass in breast
malignant neoplasm of breast,152.0,mass of body structure
malignant neoplasm of breast,152.0,paresthesia
malignant neoplasm of breast,152.0,retropulsion
malignant neoplasm of breast,152.0,erythema
malignant neoplasm of breast,152.0,difficulty
malignant neoplasm of breast,152.0,lesion
malignant neoplasm of breast,152.0,estrogen use
malignant neoplasm of breast,152.0,burning sensation
malignant neoplasm of breast,152.0,dyspnea
malignant neoplasm of breast,152.0,swelling
malignant neoplasm of breast,152.0,formication
schizophrenia,147.0,hallucinations auditory
schizophrenia,147.0,hypersomnolence
schizophrenia,147.0,irritable mood
schizophrenia,147.0,verbal auditory hallucinations
schizophrenia,147.0,patient non compliance
schizophrenia,147.0,agitation
schizophrenia,147.0,suicidal
schizophrenia,147.0,worry
schizophrenia,147.0,hallucinations visual
schizophrenia,147.0,underweight
schizophrenia,147.0,homelessness
diverticulitis,145.0,pain abdominal
diverticulitis,145.0,abscess bacterial
diverticulitis,145.0,dullness
diverticulitis,145.0,red blotches
diverticulitis,145.0,diarrhea
diverticulitis,145.0,sore to touch
diverticulitis,145.0,dysuria
diverticulitis,145.0,pain
diverticulitis,145.0,vomiting
diverticulitis,145.0,sinus rhythm
diverticulitis,145.0,colic abdominal
diverticulitis,145.0,apyrexial
diverticulitis,145.0,abdominal tenderness
diverticulitis,145.0,fever
diverticulitis,145.0,unsteady gait
diverticulitis,145.0,thicken
diverticulitis,145.0,urgency of micturition
diverticulitis,145.0,anorexia
diverticulitis,145.0,monoclonal
diverticulitis,145.0,constipation
overload fluid,144.0,rale
overload fluid,144.0,jugular venous distention
overload fluid,144.0,hyperkalemia
overload fluid,144.0,orthopnea
overload fluid,144.0,shortness of breath
overload fluid,144.0,drowsiness
overload fluid,144.0,weight gain
overload fluid,144.0,hypokalemia
overload fluid,144.0,hypotension
overload fluid,144.0,swelling
overload fluid,144.0,distended abdomen
ulcer peptic,143.0,pain abdominal
ulcer peptic,143.0,paraparesis
ulcer peptic,143.0,nausea
ulcer peptic,143.0,vomiting
ulcer peptic,143.0,polymyalgia
ulcer peptic,143.0,out of breath
ulcer peptic,143.0,pain chest
ulcer peptic,143.0,hemiplegia
ulcer peptic,143.0,gurgle
ulcer peptic,143.0,hunger
ulcer peptic,143.0,apyrexial
ulcer peptic,143.0,nervousness
osteomyelitis,142.0,pain
osteomyelitis,142.0,redness
osteomyelitis,142.0,prostate tender
osteomyelitis,142.0,fever
osteomyelitis,142.0,difficulty passing urine
osteomyelitis,142.0,sore to touch
osteomyelitis,142.0,swelling
osteomyelitis,142.0,apyrexial
osteomyelitis,142.0,erythema
osteomyelitis,142.0,abscess bacterial
osteomyelitis,142.0,pain foot
osteomyelitis,142.0,urinary hesitation
gastritis,140.0,heme positive
gastritis,140.0,pain abdominal
gastritis,140.0,vomiting
gastritis,140.0,disequilibrium
gastritis,140.0,nausea
gastritis,140.0,intoxication
gastritis,140.0,haemorrhage
gastritis,140.0,guaiac positive
gastritis,140.0,pain
gastritis,140.0,decreased body weight
gastritis,140.0,sore to touch
gastritis,140.0,dizziness
bacteremia,142.0,fever
bacteremia,142.0,chill
bacteremia,142.0,flushing
bacteremia,142.0,unresponsiveness
bacteremia,142.0,indifferent mood
bacteremia,142.0,urinoma
bacteremia,142.0,vomiting
bacteremia,142.0,distended abdomen
bacteremia,142.0,hypoalbuminemia
bacteremia,142.0,pustule
bacteremia,142.0,prostatism
bacteremia,142.0,diarrhea
bacteremia,142.0,abdominal tenderness
bacteremia,142.0,pleuritic pain
bacteremia,142.0,decreased translucency
bacteremia,142.0,pallor
failure kidney,140.0,orthopnea
failure kidney,140.0,oliguria
failure kidney,140.0,slowing of urinary stream
failure kidney,140.0,extreme exhaustion
failure kidney,140.0,unresponsiveness
failure kidney,140.0,hypotension
failure kidney,140.0,enuresis
failure kidney,140.0,shortness of breath
failure kidney,140.0,haemorrhage
failure kidney,140.0,prostatism
failure kidney,140.0,no status change
failure kidney,140.0,bedridden
failure kidney,140.0,fatigue
sickle cell anemia,140.0,breakthrough pain
sickle cell anemia,140.0,pain back
sickle cell anemia,140.0,pain
sickle cell anemia,140.0,shortness of breath
sickle cell anemia,140.0,snuffle
sickle cell anemia,140.0,pain chest
sickle cell anemia,140.0,pain abdominal
sickle cell anemia,140.0,hepatosplenomegaly
sickle cell anemia,140.0,green sputum
sickle cell anemia,140.0,apyrexial
sickle cell anemia,140.0,headache
failure heart,138.0,orthopnea
failure heart,138.0,fatigue
failure heart,138.0,dyspnea on exertion
failure heart,138.0,dyspnea
failure heart,138.0,shortness of breath
failure heart,138.0,pansystolic murmur
failure heart,138.0,jugular venous distention
failure heart,138.0,systolic ejection murmur
failure heart,138.0,hypotension
failure heart,138.0,angina pectoris
failure heart,138.0,hypokinesia
upper respiratory infection,135.0,cough
upper respiratory infection,135.0,throat sore
upper respiratory infection,135.0,wheezing
upper respiratory infection,135.0,shortness of breath
upper respiratory infection,135.0,labored breathing
upper respiratory infection,135.0,fever
upper respiratory infection,135.0,stuffy nose
upper respiratory infection,135.0,non-productive cough
upper respiratory infection,135.0,snuffle
upper respiratory infection,135.0,indifferent mood
upper respiratory infection,135.0,egophony
upper respiratory infection,135.0,barking cough
upper respiratory infection,135.0,polymyalgia
upper respiratory infection,135.0,pleuritic pain
upper respiratory infection,135.0,night sweat
upper respiratory infection,135.0,dyspnea
upper respiratory infection,135.0,productive cough
upper respiratory infection,135.0,decreased translucency
upper respiratory infection,135.0,rhonchus
upper respiratory infection,135.0,rapid shallow breathing
upper respiratory infection,135.0,apyrexial
upper respiratory infection,135.0,noisy respiration
upper respiratory infection,135.0,nasal discharge present
upper respiratory infection,135.0,emphysematous change
upper respiratory infection,135.0,frail
upper respiratory infection,135.0,cystic lesion
upper respiratory infection,135.0,symptom aggravating factors
upper respiratory infection,135.0,hemodynamically stable
hepatitis,133.0,ascites
hepatitis,133.0,spontaneous rupture of membranes
hepatitis,133.0,tachypnea
hepatitis,133.0,pain abdominal
hepatitis,133.0,pruritus
hepatitis,133.0,anorexia
hepatitis,133.0,transaminitis
hepatitis,133.0,projectile vomiting
hepatitis,133.0,chill
hepatitis,133.0,distress respiratory
hepatitis,133.0,fever
hepatitis,133.0,vomiting
hypertension pulmonary,128.0,shortness of breath
hypertension pulmonary,128.0,Stahli's line
hypertension pulmonary,128.0,heavy legs
hypertension pulmonary,128.0,breath sounds decreased
hypertension pulmonary,128.0,neck stiffness
hypertension pulmonary,128.0,dyspnea on exertion
hypertension pulmonary,128.0,cyanosis
hypertension pulmonary,128.0,hypotension
hypertension pulmonary,128.0,left atrial hypertrophy
deglutition disorder,126.0,paresthesia
deglutition disorder,126.0,titubation
deglutition disorder,126.0,dysarthria
deglutition disorder,126.0,painful swallowing
deglutition disorder,126.0,hoarseness
deglutition disorder,126.0,stridor
deglutition disorder,126.0,spasm
deglutition disorder,126.0,asthenia
deglutition disorder,126.0,dysdiadochokinesia
deglutition disorder,126.0,ataxia
deglutition disorder,126.0,achalasia
deglutition disorder,126.0,decreased body weight
deglutition disorder,126.0,stiffness
deglutition disorder,126.0,lesion
deglutition disorder,126.0,side pain
gout,124.0,hot flush
gout,124.0,pain
gout,124.0,redness
gout,124.0,swelling
gout,124.0,erythema
gout,124.0,emphysematous change
gout,124.0,sore to touch
gout,124.0,hypokinesia
gout,124.0,ascites
gout,124.0,patient non compliance
thrombocytopaenia,123.0,ecchymosis
thrombocytopaenia,123.0,monocytosis
thrombocytopaenia,123.0,posterior rhinorrhea
thrombocytopaenia,123.0,haemorrhage
thrombocytopaenia,123.0,tachypnea
thrombocytopaenia,123.0,fever
thrombocytopaenia,123.0,pruritus
thrombocytopaenia,123.0,hypotension
thrombocytopaenia,123.0,fatigue
hypoglycemia,122.0,unresponsiveness
hypoglycemia,122.0,"hypothermia, natural"
hypoglycemia,122.0,incoherent
hypoglycemia,122.0,qt interval prolonged
hypoglycemia,122.0,lameness
hypoglycemia,122.0,unconscious state
hypoglycemia,122.0,clammy skin
hypoglycemia,122.0,polyuria
hypoglycemia,122.0,distress respiratory
hypoglycemia,122.0,hypotension
pneumonia aspiration,119.0,mediastinal shift
pneumonia aspiration,119.0,fever
pneumonia aspiration,119.0,clonus
pneumonia aspiration,119.0,mental status changes
pneumonia aspiration,119.0,decreased translucency
pneumonia aspiration,119.0,unresponsiveness
pneumonia aspiration,119.0,extreme exhaustion
pneumonia aspiration,119.0,stupor
pneumonia aspiration,119.0,seizure
pneumonia aspiration,119.0,transaminitis
pneumonia aspiration,119.0,hemiplegia
pneumonia aspiration,119.0,cough
pneumonia aspiration,119.0,gurgle
pneumonia aspiration,119.0,pain
pneumonia aspiration,119.0,diarrhea
pneumonia aspiration,119.0,pain abdominal
colitis,114.0,fever
colitis,114.0,thicken
colitis,114.0,green sputum
colitis,114.0,vomiting
colitis,114.0,nausea and vomiting
colitis,114.0,awakening early
colitis,114.0,pain
colitis,114.0,nausea
colitis,114.0,chill
colitis,114.0,tenesmus
colitis,114.0,urge incontinence
colitis,114.0,pain abdominal
colitis,114.0,hemodynamically stable
diverticulosis,114.0,fecaluria
diverticulosis,114.0,constipation
diverticulosis,114.0,abscess bacterial
diverticulosis,114.0,heme positive
diverticulosis,114.0,lightheadedness
diverticulosis,114.0,diarrhea
diverticulosis,114.0,haemorrhage
diverticulosis,114.0,pain
diverticulosis,114.0,projectile vomiting
diverticulosis,114.0,pneumatouria
diverticulosis,114.0,cystic lesion
diverticulosis,114.0,anorexia
diverticulosis,114.0,nausea
diverticulosis,114.0,feeling suicidal
diverticulosis,114.0,feeling hopeless
suicide attempt,114.0,hallucinations auditory
suicide attempt,114.0,sleeplessness
suicide attempt,114.0,suicidal
suicide attempt,114.0,motor retardation
suicide attempt,114.0,weepiness
suicide attempt,114.0,unable to concentrate
suicide attempt,114.0,todd paralysis
suicide attempt,114.0,worry
suicide attempt,114.0,fatigue
suicide attempt,114.0,tremor
suicide attempt,114.0,alcoholic withdrawal symptoms
suicide attempt,114.0,agitation
suicide attempt,114.0,unresponsiveness
suicide attempt,114.0,blackout
suicide attempt,114.0,withdraw
suicide attempt,114.0,difficulty
suicide attempt,114.0,irritable mood
suicide attempt,114.0,sensory discomfort
suicide attempt,114.0,drowsiness
suicide attempt,114.0,formication
suicide attempt,114.0,unconscious state
suicide attempt,114.0,fever
suicide attempt,114.0,cough
Pneumocystis carinii pneumonia,113.0,yellow sputum
Pneumocystis carinii pneumonia,113.0,cachexia
Pneumocystis carinii pneumonia,113.0,chill
Pneumocystis carinii pneumonia,113.0,decreased body weight
Pneumocystis carinii pneumonia,113.0,productive cough
Pneumocystis carinii pneumonia,113.0,myalgia
Pneumocystis carinii pneumonia,113.0,diarrhea
Pneumocystis carinii pneumonia,113.0,neck stiffness
Pneumocystis carinii pneumonia,113.0,hacking cough
Pneumocystis carinii pneumonia,113.0,dyspareunia
Pneumocystis carinii pneumonia,113.0,hypokalemia
Pneumocystis carinii pneumonia,113.0,dyspnea on exertion
Pneumocystis carinii pneumonia,113.0,poor dentition
Pneumocystis carinii pneumonia,113.0,transaminitis
Pneumocystis carinii pneumonia,113.0,non-productive cough
Pneumocystis carinii pneumonia,113.0,headache
Pneumocystis carinii pneumonia,113.0,floppy
Pneumocystis carinii pneumonia,113.0,spontaneous rupture of membranes
hepatitis B,111.0,inappropriate affect
hepatitis B,111.0,tachypnea
hepatitis B,111.0,yellow sputum
hepatitis B,111.0,projectile vomiting
hepatitis B,111.0,poor feeding
hepatitis B,111.0,pain abdominal
hepatitis B,111.0,abdominal tenderness
hepatitis B,111.0,wheelchair bound
hepatitis B,111.0,moan
parkinson disease,108.0,achalasia
parkinson disease,108.0,fall
parkinson disease,108.0,stiffness
parkinson disease,108.0,withdraw
parkinson disease,108.0,agitation
parkinson disease,108.0,hemiplegia
parkinson disease,108.0,difficulty
parkinson disease,108.0,unresponsiveness
parkinson disease,108.0,syncope
parkinson disease,108.0,facial paresis
parkinson disease,108.0,orthostasis
parkinson disease,108.0,worry
parkinson disease,108.0,drowsiness
parkinson disease,108.0,hematuria
parkinson disease,108.0,tremor
parkinson disease,108.0,night sweat
parkinson disease,108.0,mass of body structure
lymphoma,105.0,lesion
lymphoma,105.0,fever
lymphoma,105.0,welt
lymphoma,105.0,transaminitis
lymphoma,105.0,decreased body weight
lymphoma,105.0,ataxia
lymphoma,105.0,tinnitus
lymphoma,105.0,hydropneumothorax
lymphoma,105.0,superimposition
lymphoma,105.0,haemoptysis
lymphoma,105.0,fatigue
lymphoma,105.0,polydypsia
lymphoma,105.0,difficulty passing urine
hyperglycemia,104.0,sore to touch
hyperglycemia,104.0,pruritus
hyperglycemia,104.0,feeling strange
hyperglycemia,104.0,pustule
hyperglycemia,104.0,cushingoid facies
hyperglycemia,104.0,decreased body weight
hyperglycemia,104.0,mood depressed
hyperglycemia,104.0,estrogen use
hyperglycemia,104.0,wheezing
hyperglycemia,104.0,ascites
hyperglycemia,104.0,seizure
encephalopathy,103.0,uncoordination
encephalopathy,103.0,asterixis
encephalopathy,103.0,haemorrhage
encephalopathy,103.0,drowsiness
encephalopathy,103.0,absences finding
encephalopathy,103.0,posturing
encephalopathy,103.0,aura
encephalopathy,103.0,tonic seizures
encephalopathy,103.0,debilitation
encephalopathy,103.0,consciousness clear
encephalopathy,103.0,unresponsiveness
encephalopathy,103.0,thicken
encephalopathy,103.0,hypokinesia
tricuspid valve insufficiency,101.0,shortness of breath
tricuspid valve insufficiency,101.0,pain
tricuspid valve insufficiency,101.0,vomiting
tricuspid valve insufficiency,101.0,nausea
tricuspid valve insufficiency,101.0,bradycardia
tricuspid valve insufficiency,101.0,pain abdominal
tricuspid valve insufficiency,101.0,fever
tricuspid valve insufficiency,101.0,cicatrisation
tricuspid valve insufficiency,101.0,mediastinal shift
tricuspid valve insufficiency,101.0,impaired cognition
Alzheimer's disease,101.0,drool
Alzheimer's disease,101.0,agitation
Alzheimer's disease,101.0,nightmare
Alzheimer's disease,101.0,rhonchus
Alzheimer's disease,101.0,consciousness clear
Alzheimer's disease,101.0,pin-point pupils
Alzheimer's disease,101.0,bedridden
Alzheimer's disease,101.0,frail
Alzheimer's disease,101.0,tremor resting
Alzheimer's disease,101.0,hyperkalemia
Alzheimer's disease,101.0,facial paresis
Alzheimer's disease,101.0,groggy
Alzheimer's disease,101.0,muscle twitch
Alzheimer's disease,101.0,wheelchair bound
Alzheimer's disease,101.0,tremor
Alzheimer's disease,101.0,cough
Alzheimer's disease,101.0,fever
candidiasis,99.0,diarrhea
candidiasis,99.0,throat sore
candidiasis,99.0,decreased body weight
candidiasis,99.0,chill
candidiasis,99.0,headache
candidiasis,99.0,abdominal tenderness
candidiasis,99.0,patient non compliance
candidiasis,99.0,photophobia
candidiasis,99.0,night sweat
candidiasis,99.0,painful swallowing
candidiasis,99.0,poor dentition
candidiasis,99.0,transaminitis
candidiasis,99.0,non-productive cough
candidiasis,99.0,adverse reaction
candidiasis,99.0,abdominal bloating
neuropathy,99.0,asthenia
neuropathy,99.0,numbness
neuropathy,99.0,nausea and vomiting
neuropathy,99.0,awakening early
neuropathy,99.0,hydropneumothorax
neuropathy,99.0,superimposition
neuropathy,99.0,fatigability
neuropathy,99.0,tenesmus
neuropathy,99.0,pain
neuropathy,99.0,slowing of urinary stream
kidney disease,96.0,shortness of breath
kidney disease,96.0,hyperkalemia
kidney disease,96.0,pain chest
kidney disease,96.0,fever
kidney disease,96.0,gravida 0
kidney disease,96.0,bleeding of vagina
fibroid tumor,96.0,para 2
fibroid tumor,96.0,haemorrhage
fibroid tumor,96.0,abortion
fibroid tumor,96.0,intermenstrual heavy bleeding
fibroid tumor,96.0,muscle hypotonia
fibroid tumor,96.0,previous pregnancies 2
fibroid tumor,96.0,shortness of breath
fibroid tumor,96.0,fever
fibroid tumor,96.0,heartburn
fibroid tumor,96.0,primigravida
fibroid tumor,96.0,abnormally hard consistency
fibroid tumor,96.0,proteinemia
glaucoma,95.0,fall
glaucoma,95.0,distended abdomen
glaucoma,95.0,unsteady gait
glaucoma,95.0,paresthesia
glaucoma,95.0,hyponatremia
glaucoma,95.0,agitation
glaucoma,95.0,unconscious state
glaucoma,95.0,burning sensation
glaucoma,95.0,lesion
glaucoma,95.0,mass of body structure
neoplasm metastasis,94.0,thicken
neoplasm metastasis,94.0,tumor cell invasion
neoplasm metastasis,94.0,metastatic lesion
neoplasm metastasis,94.0,pain neck
neoplasm metastasis,94.0,lung nodule
neoplasm metastasis,94.0,pain
neoplasm metastasis,94.0,pain abdominal
neoplasm metastasis,94.0,food intolerance
neoplasm metastasis,94.0,mass of body structure
neoplasm metastasis,94.0,atypia
malignant tumor of colon,94.0,lesion
malignant tumor of colon,94.0,prostatism
malignant tumor of colon,94.0,constipation
malignant tumor of colon,94.0,general discomfort
malignant tumor of colon,94.0,diarrhea
malignant tumor of colon,94.0,pain abdominal
malignant tumor of colon,94.0,urinary hesitation
malignant tumor of colon,94.0,dizzy spells
malignant tumor of colon,94.0,shooting pain
malignant tumor of colon,94.0,bradycardia
malignant tumor of colon,94.0,vomiting
malignant tumor of colon,94.0,systolic ejection murmur
malignant tumor of colon,94.0,nausea
malignant tumor of colon,94.0,hyperemesis
malignant tumor of colon,94.0,polydypsia
ketoacidosis diabetic,93.0,polyuria
ketoacidosis diabetic,93.0,vomiting
ketoacidosis diabetic,93.0,nausea
ketoacidosis diabetic,93.0,pain abdominal
ketoacidosis diabetic,93.0,milky
ketoacidosis diabetic,93.0,feeling strange
ketoacidosis diabetic,93.0,gurgle
ketoacidosis diabetic,93.0,nervousness
ketoacidosis diabetic,93.0,abdominal tenderness
ketoacidosis diabetic,93.0,regurgitates after swallowing
ketoacidosis diabetic,93.0,vision blurred
ketoacidosis diabetic,93.0,urinary hesitation
ketoacidosis diabetic,93.0,diarrhea
ketoacidosis diabetic,93.0,seizure
ketoacidosis diabetic,93.0,aura
tonic-clonic epilepsy,92.0,drowsiness
tonic-clonic epilepsy,92.0,lip smacking
tonic-clonic epilepsy,92.0,myoclonus
tonic-clonic epilepsy,92.0,tremor
tonic-clonic epilepsy,92.0,phonophobia
tonic-clonic epilepsy,92.0,rolling of eyes
tonic-clonic epilepsy,92.0,sleepy
tonic-clonic epilepsy,92.0,hirsutism
tonic-clonic epilepsy,92.0,moody
tonic-clonic epilepsy,92.0,muscle twitch
tonic-clonic epilepsy,92.0,unresponsiveness
tonic-clonic epilepsy,92.0,headache
tonic-clonic epilepsy,92.0,ambidexterity
tonic-clonic epilepsy,92.0,absences finding
tonic-clonic epilepsy,92.0,spasm
tonic-clonic epilepsy,92.0,decreased body weight
tonic-clonic epilepsy,92.0,tumor cell invasion
malignant neoplasms,90.0,pulsus paradoxus
malignant neoplasms,90.0,gravida 10
malignant neoplasms,90.0,mass of body structure
malignant neoplasms,90.0,lesion
malignant neoplasms,90.0,heartburn
malignant neoplasms,90.0,night sweat
malignant neoplasms,90.0,thicken
malignant neoplasms,90.0,chill
malignant neoplasms,90.0,decreased translucency
malignant neoplasms,90.0,pain abdominal
malignant neoplasms,90.0,dullness
malignant neoplasms,90.0,food intolerance
malignant neoplasms,90.0,distress respiratory
malignant neoplasms,90.0,hypotension
respiratory failure,90.0,hemiplegia
respiratory failure,90.0,snore
respiratory failure,90.0,unresponsiveness
respiratory failure,90.0,productive cough
respiratory failure,90.0,dyspnea
respiratory failure,90.0,tachypnea
respiratory failure,90.0,hyperkalemia
respiratory failure,90.0,hypokinesia
respiratory failure,90.0,sinus rhythm
respiratory failure,90.0,general unsteadiness
respiratory failure,90.0,bruit
respiratory failure,90.0,consciousness clear
respiratory failure,90.0,shortness of breath
respiratory failure,90.0,lesion
respiratory failure,90.0,redness
melanoma,87.0,mass of body structure
melanoma,87.0,paraparesis
melanoma,87.0,fever
melanoma,87.0,gravida 0
melanoma,87.0,pain
melanoma,87.0,pruritus
melanoma,87.0,mass in breast
melanoma,87.0,vomiting
melanoma,87.0,diarrhea
gastroenteritis,87.0,pain abdominal
gastroenteritis,87.0,breath-holding spell
gastroenteritis,87.0,nausea
gastroenteritis,87.0,decreased body weight
gastroenteritis,87.0,sore to touch
gastroenteritis,87.0,scleral icterus
gastroenteritis,87.0,fever
gastroenteritis,87.0,myalgia
gastroenteritis,87.0,hyponatremia
gastroenteritis,87.0,retch
gastroenteritis,87.0,mass of body structure
gastroenteritis,87.0,decreased body weight
malignant neoplasm of lung,86.0,lesion
malignant neoplasm of lung,86.0,cough
malignant neoplasm of lung,86.0,lung nodule
malignant neoplasm of lung,86.0,shortness of breath
malignant neoplasm of lung,86.0,haemoptysis
malignant neoplasm of lung,86.0,debilitation
malignant neoplasm of lung,86.0,gurgle
malignant neoplasm of lung,86.0,ache
malignant neoplasm of lung,86.0,rale
malignant neoplasm of lung,86.0,night sweat
malignant neoplasm of lung,86.0,decreased translucency
malignant neoplasm of lung,86.0,asthenia
malignant neoplasm of lung,86.0,metastatic lesion
malignant neoplasm of lung,86.0,agitation
malignant neoplasm of lung,86.0,irritable mood
manic disorder,85.0,energy increased
manic disorder,85.0,suicidal
manic disorder,85.0,hypersomnia
manic disorder,85.0,feeling suicidal
manic disorder,85.0,blanch
manic disorder,85.0,hallucinations auditory
manic disorder,85.0,hallucinations visual
manic disorder,85.0,elation
manic disorder,85.0,verbal auditory hallucinations
manic disorder,85.0,feeling hopeless
manic disorder,85.0,difficulty
manic disorder,85.0,decompensation
manic disorder,85.0,verbally abusive behavior
manic disorder,85.0,suicidal
manic disorder,85.0,feeling suicidal
personality disorder,84.0,nightmare
personality disorder,84.0,feeling hopeless
personality disorder,84.0,transsexual
personality disorder,84.0,hallucinations auditory
personality disorder,84.0,irritable mood
personality disorder,84.0,sleeplessness
personality disorder,84.0,agitation
personality disorder,84.0,weepiness
personality disorder,84.0,mood depressed
personality disorder,84.0,scratch marks
personality disorder,84.0,nausea and vomiting
personality disorder,84.0,extreme exhaustion
personality disorder,84.0,side pain
personality disorder,84.0,worry
personality disorder,84.0,enuresis
personality disorder,84.0,homelessness
personality disorder,84.0,nervousness
personality disorder,84.0,ascites
personality disorder,84.0,pruritus
primary carcinoma of the liver cells,82.0,mass of body structure
primary carcinoma of the liver cells,82.0,splenomegaly
primary carcinoma of the liver cells,82.0,lesion
primary carcinoma of the liver cells,82.0,paresis
primary carcinoma of the liver cells,82.0,tumor cell invasion
primary carcinoma of the liver cells,82.0,room spinning
primary carcinoma of the liver cells,82.0,haemorrhage
primary carcinoma of the liver cells,82.0,thicken
primary carcinoma of the liver cells,82.0,indifferent mood
primary carcinoma of the liver cells,82.0,cachexia
primary carcinoma of the liver cells,82.0,"hypothermia, natural"
primary carcinoma of the liver cells,82.0,pain abdominal
primary carcinoma of the liver cells,82.0,hepatomegaly
primary carcinoma of the liver cells,82.0,hematocrit decreased
primary carcinoma of the liver cells,82.0,stupor
primary carcinoma of the liver cells,82.0,decreased body weight
primary carcinoma of the liver cells,82.0,shortness of breath
primary carcinoma of the liver cells,82.0,cough
emphysema pulmonary,80.0,behavior showing increased motor activity
emphysema pulmonary,80.0,scar tissue
emphysema pulmonary,80.0,dyspnea on exertion
emphysema pulmonary,80.0,coordination abnormal
emphysema pulmonary,80.0,myalgia
emphysema pulmonary,80.0,hypercapnia
emphysema pulmonary,80.0,clammy skin
emphysema pulmonary,80.0,has religious belief
emphysema pulmonary,80.0,room spinning
emphysema pulmonary,80.0,moan
emphysema pulmonary,80.0,night sweat
emphysema pulmonary,80.0,cachexia
emphysema pulmonary,80.0,symptom aggravating factors
emphysema pulmonary,80.0,dyspnea
emphysema pulmonary,80.0,rale
emphysema pulmonary,80.0,flushing
emphysema pulmonary,80.0,painful swallowing
emphysema pulmonary,80.0,arthralgia
emphysema pulmonary,80.0,choke
emphysema pulmonary,80.0,tenesmus
emphysema pulmonary,80.0,constipation
hemorrhoids,80.0,haemorrhage
hemorrhoids,80.0,bowel sounds decreased
hemorrhoids,80.0,decreased stool caliber
hemorrhoids,80.0,nausea and vomiting
hemorrhoids,80.0,hunger
hemorrhoids,80.0,diarrhea
hemorrhoids,80.0,dizziness
hemorrhoids,80.0,hyponatremia
hemorrhoids,80.0,clonus
hemorrhoids,80.0,pain
hemorrhoids,80.0,achalasia
hemorrhoids,80.0,burning sensation
hemorrhoids,80.0,guaiac positive
hemorrhoids,80.0,numbness of hand
hemorrhoids,80.0,wheezing
hemorrhoids,80.0,cough
spasm bronchial,76.0,shortness of breath
spasm bronchial,76.0,scar tissue
spasm bronchial,76.0,apyrexial
spasm bronchial,76.0,no known drug allergies
spasm bronchial,76.0,pain
spasm bronchial,76.0,productive cough
spasm bronchial,76.0,throat sore
spasm bronchial,76.0,dyspnea
spasm bronchial,76.0,chest tightness
spasm bronchial,76.0,hypoxemia
spasm bronchial,76.0,tachypnea
spasm bronchial,76.0,sensory discomfort
spasm bronchial,76.0,fever
spasm bronchial,76.0,vomiting
spasm bronchial,76.0,rhonchus
spasm bronchial,76.0,hemiplegia
spasm bronchial,76.0,fremitus
aphasia,76.0,clonus
aphasia,76.0,egophony
aphasia,76.0,facial paresis
aphasia,76.0,aphagia
aphasia,76.0,muscle twitch
aphasia,76.0,paralyse
aphasia,76.0,low back pain
aphasia,76.0,charleyhorse
obesity morbid,76.0,out of breath
obesity morbid,76.0,sedentary
obesity morbid,76.0,angina pectoris
obesity morbid,76.0,cough
obesity morbid,76.0,unhappy
obesity morbid,76.0,labored breathing
obesity morbid,76.0,"hypothermia, natural"
obesity morbid,76.0,dyspnea
obesity morbid,76.0,hematocrit decreased
obesity morbid,76.0,wheezing
obesity morbid,76.0,hypoxemia
obesity morbid,76.0,renal angle tenderness
obesity morbid,76.0,feels hot/feverish
pyelonephritis,74.0,fever
pyelonephritis,74.0,pain
pyelonephritis,74.0,urgency of micturition
pyelonephritis,74.0,hematuria
pyelonephritis,74.0,vomiting
pyelonephritis,74.0,chill
pyelonephritis,74.0,diarrhea
pyelonephritis,74.0,nausea
pyelonephritis,74.0,pain abdominal
pyelonephritis,74.0,myalgia
pyelonephritis,74.0,fever
pyelonephritis,74.0,chill
endocarditis,71.0,pleuritic pain
endocarditis,71.0,thicken
endocarditis,71.0,myalgia
endocarditis,71.0,apyrexial
endocarditis,71.0,night sweat
endocarditis,71.0,flare
endocarditis,71.0,shortness of breath
endocarditis,71.0,orthopnea
endocarditis,71.0,abscess bacterial
endocarditis,71.0,hypotension
endocarditis,71.0,cough
endocarditis,71.0,metastatic lesion
endocarditis,71.0,breath sounds decreased
endocarditis,71.0,decreased body weight
endocarditis,71.0,decreased body weight
endocarditis,71.0,pulsus paradoxus
endocarditis,71.0,hypokinesia
effusion pericardial,71.0,pericardial friction rub
effusion pericardial,71.0,dyspnea
effusion pericardial,71.0,shortness of breath
effusion pericardial,71.0,hemodynamically stable
effusion pericardial,71.0,cardiomegaly
effusion pericardial,71.0,hypotension
effusion pericardial,71.0,sputum purulent
effusion pericardial,71.0,facial paresis
effusion pericardial,71.0,pain
effusion pericardial,71.0,oliguria
effusion pericardial,71.0,blackout
effusion pericardial,71.0,intoxication
chronic alcoholic intoxication,70.0,tremor
chronic alcoholic intoxication,70.0,hallucinations auditory
chronic alcoholic intoxication,70.0,suicidal
chronic alcoholic intoxication,70.0,hoard
chronic alcoholic intoxication,70.0,irritable mood
chronic alcoholic intoxication,70.0,feeling hopeless
chronic alcoholic intoxication,70.0,feeling suicidal
chronic alcoholic intoxication,70.0,neologism
chronic alcoholic intoxication,70.0,seizure
chronic alcoholic intoxication,70.0,homelessness
chronic alcoholic intoxication,70.0,sleeplessness
chronic alcoholic intoxication,70.0,unconscious state
chronic alcoholic intoxication,70.0,panic
chronic alcoholic intoxication,70.0,breath sounds decreased
chronic alcoholic intoxication,70.0,shortness of breath
pneumothorax,68.0,dyspnea
pneumothorax,68.0,cardiovascular finding
pneumothorax,68.0,haemoptysis
pneumothorax,68.0,cough
pneumothorax,68.0,hypercapnia
pneumothorax,68.0,soft tissue swelling
pneumothorax,68.0,prostatism
pneumothorax,68.0,agitation
delirium,68.0,unsteady gait
delirium,68.0,withdraw
delirium,68.0,hyponatremia
delirium,68.0,verbally abusive behavior
delirium,68.0,feeling suicidal
delirium,68.0,unresponsiveness
delirium,68.0,worry
delirium,68.0,drowsiness
delirium,68.0,hallucinations auditory
delirium,68.0,suicidal
delirium,68.0,fever
delirium,68.0,diarrhea
neutropenia,68.0,transaminitis
neutropenia,68.0,splenomegaly
neutropenia,68.0,night sweat
neutropenia,68.0,apyrexial
neutropenia,68.0,lesion
neutropenia,68.0,snuffle
neutropenia,68.0,chill
neutropenia,68.0,cough
neutropenia,68.0,monoclonal
neutropenia,68.0,hypocalcemia result
neutropenia,68.0,oliguria
neutropenia,68.0,rhd positive
neutropenia,68.0,distress respiratory
hyperbilirubinemia,68.0,cyanosis
hyperbilirubinemia,68.0,tachypnea
hyperbilirubinemia,68.0,para 1
hyperbilirubinemia,68.0,bradycardia
hyperbilirubinemia,68.0,breech presentation
hyperbilirubinemia,68.0,cushingoid facies
hyperbilirubinemia,68.0,cough
hyperbilirubinemia,68.0,myalgia
influenza,68.0,uncoordination
influenza,68.0,fever
influenza,68.0,pleuritic pain
influenza,68.0,snuffle
influenza,68.0,throat sore
influenza,68.0,malaise
influenza,68.0,debilitation
influenza,68.0,symptom aggravating factors
influenza,68.0,chill
influenza,68.0,scleral icterus
influenza,68.0,nasal flaring
influenza,68.0,dysuria
influenza,68.0,lip smacking
influenza,68.0,headache
influenza,68.0,sneeze
influenza,68.0,snore
influenza,68.0,green sputum
influenza,68.0,shortness of breath
influenza,68.0,distress respiratory
influenza,68.0,blackout
influenza,68.0,extreme exhaustion
dependence,67.0,intoxication
dependence,67.0,tremor
dependence,67.0,agitation
dependence,67.0,suicidal
dependence,67.0,homelessness
dependence,67.0,prostatism
dependence,67.0,lethargy
dependence,67.0,seizure
dependence,67.0,muscle twitch
dependence,67.0,stuffy nose
dependence,67.0,feeling hopeless
dependence,67.0,heavy legs
dependence,67.0,rale
thrombus,67.0,hypokinesia
thrombus,67.0,anorexia
thrombus,67.0,hypertonicity
thrombus,67.0,shortness of breath
thrombus,67.0,hypoalbuminemia
thrombus,67.0,pruritus
thrombus,67.0,sore to touch
thrombus,67.0,hemodynamically stable
thrombus,67.0,facial paresis
thrombus,67.0,vomiting
thrombus,67.0,stool color yellow
cholecystitis,66.0,moan
cholecystitis,66.0,nausea
cholecystitis,66.0,pain abdominal
cholecystitis,66.0,Murphy's sign
cholecystitis,66.0,flatulence
cholecystitis,66.0,colic abdominal
cholecystitis,66.0,pain
cholecystitis,66.0,ascites
cholecystitis,66.0,diarrhea
cholecystitis,66.0,qt interval prolonged
cholecystitis,66.0,cardiovascular finding
cholecystitis,66.0,groggy
cholecystitis,66.0,sinus rhythm
cholecystitis,66.0,gasping for breath
cholecystitis,66.0,constipation
cholecystitis,66.0,feces in rectum
cholecystitis,66.0,abnormally hard consistency
hernia hiatal,61.0,pain abdominal
hernia hiatal,61.0,fatigability
hernia hiatal,61.0,prodrome
hernia hiatal,61.0,vomiting
hernia hiatal,61.0,nausea
hernia hiatal,61.0,myalgia
hernia hiatal,61.0,hyponatremia
hernia hiatal,61.0,sore to touch
hernia hiatal,61.0,general discomfort
hernia hiatal,61.0,dyspnea on exertion
hernia hiatal,61.0,asterixis
hernia hiatal,61.0,guaiac positive
hernia hiatal,61.0,numbness of hand
hernia hiatal,61.0,headache
hernia hiatal,61.0,photophobia
migraine disorders,61.0,ambidexterity
migraine disorders,61.0,vomiting
migraine disorders,61.0,dizziness
migraine disorders,61.0,numbness
migraine disorders,61.0,nausea
migraine disorders,61.0,fever
migraine disorders,61.0,splenomegaly
pancytopenia,61.0,hypoproteinemia
pancytopenia,61.0,fatigue
pancytopenia,61.0,haemorrhage
pancytopenia,61.0,fatigability
pancytopenia,61.0,cushingoid facies
pancytopenia,61.0,stool color yellow
pancytopenia,61.0,colic abdominal
cholelithiasis,61.0,vomiting
cholelithiasis,61.0,nausea
cholelithiasis,61.0,pain abdominal
cholelithiasis,61.0,pain
cholelithiasis,61.0,cushingoid facies
cholelithiasis,61.0,ascites
cholelithiasis,61.0,thicken
cholelithiasis,61.0,sore to touch
cholelithiasis,61.0,diarrhea
cholelithiasis,61.0,apyrexial
cholelithiasis,61.0,palpitation
tachycardia sinus,56.0,left atrial hypertrophy
tachycardia sinus,56.0,sweat
tachycardia sinus,56.0,alcohol binge episode
tachycardia sinus,56.0,pressure chest
tachycardia sinus,56.0,scar tissue
tachycardia sinus,56.0,cardiovascular finding
tachycardia sinus,56.0,orthostasis
tachycardia sinus,56.0,shortness of breath
tachycardia sinus,56.0,t wave inverted
tachycardia sinus,56.0,vomiting
tachycardia sinus,56.0,pain abdominal
ileus,56.0,abscess bacterial
ileus,56.0,abdomen acute
ileus,56.0,air fluid level
ileus,56.0,catching breath
ileus,56.0,abdominal tenderness
ileus,56.0,nausea
ileus,56.0,sore to touch
ileus,56.0,flatulence
ileus,56.0,diarrhea
ileus,56.0,mass of body structure
ileus,56.0,apyrexial
ileus,56.0,constipation
ileus,56.0,thicken
ileus,56.0,gravida 0
ileus,56.0,pain abdominal
adhesion,57.0,flatulence
adhesion,57.0,pain
adhesion,57.0,large-for-dates fetus
adhesion,57.0,para 1
adhesion,57.0,vomiting
adhesion,57.0,lung nodule
adhesion,57.0,breech presentation
adhesion,57.0,shortness of breath
adhesion,57.0,decreased body weight
adhesion,57.0,immobile
adhesion,57.0,unsteady gait
adhesion,57.0,hallucinations visual
adhesion,57.0,feeling suicidal
delusion,56.0,loose associations
delusion,56.0,giddy mood
delusion,56.0,feeling hopeless
delusion,56.0,agitation
delusion,56.0,hallucinations auditory
delusion,56.0,irritable mood
delusion,56.0,sleeplessness
delusion,56.0,neologism
delusion,56.0,homicidal thoughts
delusion,56.0,disturbed family
delusion,56.0,worry
delusion,56.0,decompensation
delusion,56.0,verbally abusive behavior
delusion,56.0,catatonia
delusion,56.0,suicidal
delusion,56.0,terrify
delusion,56.0,blackout
delusion,56.0,weepiness
delusion,56.0,impaired cognition
delusion,56.0,irritable mood
delusion,56.0,agitation
affect labile,45.0,extreme exhaustion
affect labile,45.0,sleeplessness
affect labile,45.0,enuresis
affect labile,45.0,patient non compliance
affect labile,45.0,feeling hopeless
affect labile,45.0,hallucinations visual
affect labile,45.0,bedridden
affect labile,45.0,prostatism
decubitus ulcer,42.0,systolic murmur
decubitus ulcer,42.0,frail
decubitus ulcer,42.0,fever